order_id,order_date,city,product_category,quantity,unit_price,discount_pct,customer_segment,payment_status,order_year,order_month,gross_amount,net_amount,profit,profit_margin_pct
RT-1001,2026-01-01,Hyderabad,Learning Kit,1,1200,10,Student,Paid,2026,1,1200,1080,360,33.33
RT-1002,2026-01-07,Vizag,Course Access,1,800,0,Fresher,Paid,2026,1,800,800,320,40.0
RT-1003,2026-01-05,Hyderabad,Mentor Session,2,1500,0,Student,Pending,2026,1,3000,3000,1200,40.0
RT-1004,2026-01-06,Warangal,Learning Kit,1,1200,15,Professional,Paid,2026,1,1200,1020,300,29.41
RT-1005,2026-01-08,Hyderabad,Course Access,1,800,5,Student,Failed,2026,1,800,760,280,36.84
RT-1006,2026-01-07,Vijayawada,Learning Kit,1,1200,10,Student,Paid,2026,1,1200,1080,360,33.33
RT-1007,2026-01-10,Guntur,Mentor Session,1,1500,15,Fresher,Paid,2026,1,1500,1275,375,29.41
RT-1008,2026-01-12,Hyderabad,Learning Kit,1,1200,0,Student,Paid,2026,1,1200,1200,480,40.0
RT-1009,2026-01-14,Vizag,Course Access,1,800,0,Professional,Refunded,2026,1,800,800,320,40.0
RT-1010,2026-01-16,Hyderabad,Learning Kit,1,1200,0,Professional,Paid,2026,1,1200,1200,480,40.0
RT-1011,2026-01-07,Warangal,Course Access,1,800,0,Student,Pending,2026,1,800,800,320,40.0
